Unnamed: 0,domain,phylum,class,order,family,genus,species,Breast (N),Breast (NAT),Breast (T),Lung (NAT),Lung (T),Melanoma (T),Pancreas (T),Ovary (N+NAT),Ovary (T),Bone (T),GBM (T),Colon (NAT),Colon (T),row_sum
218,Bacteria,Actinobacteria,Actinobacteria,Actinomycetales,Actinomycetaceae,Actinomyces,Actinomyces cardiffensis,0,0,0,0,0,0,0,0,0,0,0,0,1,1
219,Bacteria,Actinobacteria,Actinobacteria,Actinomycetales,Actinomycetaceae,Actinomyces,Actinomyces dentalis,0,0,1,0,0,0,1,0,0,0,0,0,0,2
224,Bacteria,Actinobacteria,Actinobacteria,Actinomycetales,Actinomycetaceae,Actinomyces,Actinomyces johnsonii,0,0,1,0,0,0,0,0,0,0,0,0,0,1
225,Bacteria,Actinobacteria,Actinobacteria,Actinomycetales,Actinomycetaceae,Actinomyces,Actinomyces massiliensis,0,0,1,0,0,0,0,0,0,1,0,0,0,2
227,Bacteria,Actinobacteria,Actinobacteria,Actinomycetales,Actinomycetaceae,Actinomyces,Actinomyces naeslundii,0,1,1,0,0,0,0,0,0,0,0,1,0,3
229,Bacteria,Actinobacteria,Actinobacteria,Actinomycetales,Actinomycetaceae,Actinomyces,Actinomyces odontolyticus,0,1,1,0,0,0,0,0,0,0,0,1,1,4
230,Bacteria,Actinobacteria,Actinobacteria,Actinomycetales,Actinomycetaceae,Actinomyces,Actinomyces oris,0,0,1,0,0,0,0,0,0,0,0,0,0,1
233,Bacteria,Actinobacteria,Actinobacteria,Actinomycetales,Actinomycetaceae,Actinomyces,Actinomyces viscosus,0,0,1,0,0,0,0,0,0,0,0,0,0,1
369,Bacteria,Actinobacteria,Actinobacteria,Actinomycetales,Actinomycetaceae,Mobiluncus,Mobiluncus curtisii,0,0,0,0,0,0,0,0,0,0,0,1,0,1
422,Bacteria,Actinobacteria,Actinobacteria,Actinomycetales,Cellulomonadaceae,Cellulomonas,Cellulomonas hominis,0,0,1,0,0,0,0,0,0,0,0,0,0,1
425,Bacteria,Actinobacteria,Actinobacteria,Actinomycetales,Cellulomonadaceae,Cellulomonas,Cellulomonas xylanilytica,0,1,1,0,0,0,0,0,0,0,0,0,0,2
426,Bacteria,Actinobacteria,Actinobacteria,Actinomycetales,Cellulomonadaceae,Tropheryma,Tropheryma whipplei,0,0,0,1,0,0,0,0,0,0,0,0,0,1
932,Bacteria,Actinobacteria,Actinobacteria,Actinomycetales,Corynebacteriaceae,Corynebacterium,Corynebacterium accolens,0,0,1,0,0,0,0,0,0,0,0,0,0,1
939,Bacteria,Actinobacteria,Actinobacteria,Actinomycetales,Corynebacteriaceae,Corynebacterium,Corynebacterium aurimucosum,0,0,1,0,0,0,0,0,0,0,0,0,0,1
947,Bacteria,Actinobacteria,Actinobacteria,Actinomycetales,Corynebacteriaceae,Corynebacterium,Corynebacterium durum,0,0,1,0,0,0,0,0,0,0,0,0,0,1
960,Bacteria,Actinobacteria,Actinobacteria,Actinomycetales,Corynebacteriaceae,Corynebacterium,Corynebacterium minutissimum,0,0,1,0,0,0,0,0,0,0,0,0,0,1
961,Bacteria,Actinobacteria,Actinobacteria,Actinomycetales,Corynebacteriaceae,Corynebacterium,Corynebacterium mucifaciens,0,1,1,0,0,0,0,0,0,0,0,0,0,2
967,Bacteria,Actinobacteria,Actinobacteria,Actinomycetales,Corynebacteriaceae,Corynebacterium,Corynebacterium simulans,0,0,1,0,0,0,1,0,0,0,0,0,0,2
968,Bacteria,Actinobacteria,Actinobacteria,Actinomycetales,Corynebacteriaceae,Corynebacterium,Corynebacterium singulare,0,0,1,0,0,0,0,0,0,0,0,0,0,1
969,Bacteria,Actinobacteria,Actinobacteria,Actinomycetales,Corynebacteriaceae,Corynebacterium,Corynebacterium stationis,1,0,1,0,0,0,0,0,0,0,0,0,0,2
970,Bacteria,Actinobacteria,Actinobacteria,Actinomycetales,Corynebacteriaceae,Corynebacterium,Corynebacterium striatum,0,0,1,0,0,0,0,0,0,0,0,0,0,1
971,Bacteria,Actinobacteria,Actinobacteria,Actinomycetales,Corynebacteriaceae,Corynebacterium,Corynebacterium sundsvallense,0,0,1,0,0,0,0,0,0,0,0,0,0,1
978,Bacteria,Actinobacteria,Actinobacteria,Actinomycetales,Corynebacteriaceae,Corynebacterium,Corynebacterium xerosis,0,0,1,1,0,0,0,0,0,0,0,0,0,2
986,Bacteria,Actinobacteria,Actinobacteria,Actinomycetales,Dermabacteraceae,Brachybacterium,Brachybacterium conglomeratum,0,0,1,1,0,0,1,0,0,0,0,0,0,3
987,Bacteria,Actinobacteria,Actinobacteria,Actinomycetales,Dermabacteraceae,Brachybacterium,Brachybacterium muris,0,0,1,0,0,0,0,0,0,0,0,0,0,1
989,Bacteria,Actinobacteria,Actinobacteria,Actinomycetales,Dermabacteraceae,Brachybacterium,Brachybacterium squillarum,0,0,1,0,0,0,0,0,0,0,0,0,0,1
1009,Bacteria,Actinobacteria,Actinobacteria,Actinomycetales,Dietziaceae,Dietzia,Dietzia cinnamea,0,1,1,0,0,0,0,0,0,0,0,0,0,2
1033,Bacteria,Actinobacteria,Actinobacteria,Actinomycetales,Geodermatophilaceae,Blastococcus,Blastococcus aggregatus,1,0,1,1,1,0,0,0,0,0,0,0,0,4
1129,Bacteria,Actinobacteria,Actinobacteria,Actinomycetales,Microbacteriaceae,Agromyces,Agromyces mediolanus,0,0,0,0,0,0,0,0,0,0,1,0,0,1
1253,Bacteria,Actinobacteria,Actinobacteria,Actinomycetales,Micrococcaceae,Arthrobacter,Arthrobacter agilis,0,0,1,0,0,0,0,0,0,0,0,0,0,1
1263,Bacteria,Actinobacteria,Actinobacteria,Actinomycetales,Micrococcaceae,Arthrobacter,Arthrobacter globiformis,0,1,1,0,0,0,0,0,0,0,0,0,0,2
1267,Bacteria,Actinobacteria,Actinobacteria,Actinomycetales,Micrococcaceae,Arthrobacter,Arthrobacter nicotianae,0,0,1,0,0,0,0,0,0,0,0,0,0,1
1311,Bacteria,Actinobacteria,Actinobacteria,Actinomycetales,Micrococcaceae,Kocuria,Kocuria atrinae,0,0,1,1,0,0,0,0,0,0,1,0,0,3
1314,Bacteria,Actinobacteria,Actinobacteria,Actinomycetales,Micrococcaceae,Kocuria,Kocuria kristinae,0,0,1,0,0,0,0,0,0,0,0,0,0,1
1318,Bacteria,Actinobacteria,Actinobacteria,Actinomycetales,Micrococcaceae,Microbispora,Microbispora rosea,0,0,1,0,1,0,0,0,0,0,0,0,0,2
1333,Bacteria,Actinobacteria,Actinobacteria,Actinomycetales,Micrococcaceae,Nesterenkonia,Nesterenkonia halotolerans,0,0,1,0,0,0,0,0,0,0,0,0,0,1
1342,Bacteria,Actinobacteria,Actinobacteria,Actinomycetales,Micrococcaceae,Rothia,Rothia aeria,0,1,1,0,0,0,0,0,0,0,0,0,0,2
1343,Bacteria,Actinobacteria,Actinobacteria,Actinomycetales,Micrococcaceae,Rothia,Rothia amarae,0,1,1,0,0,0,0,0,0,0,0,0,0,2
1344,Bacteria,Actinobacteria,Actinobacteria,Actinomycetales,Micrococcaceae,Rothia,Rothia dentocariosa,0,1,1,0,0,0,1,0,0,0,0,0,1,4
1345,Bacteria,Actinobacteria,Actinobacteria,Actinomycetales,Micrococcaceae,Rothia,Rothia endophytica,0,0,1,0,0,0,0,0,0,0,0,0,0,1
1346,Bacteria,Actinobacteria,Actinobacteria,Actinomycetales,Micrococcaceae,Rothia,Rothia mucilaginosa,0,1,1,0,1,0,1,0,0,0,0,0,0,4
1347,Bacteria,Actinobacteria,Actinobacteria,Actinomycetales,Micrococcaceae,Rothia,Rothia nasimurium,0,0,1,0,0,0,0,0,0,0,0,0,0,1
1348,Bacteria,Actinobacteria,Actinobacteria,Actinomycetales,Micrococcaceae,Rothia,Rothia terrae,0,0,1,0,0,0,0,0,0,0,0,0,0,1
1453,Bacteria,Actinobacteria,Actinobacteria,Actinomycetales,Mycobacteriaceae,Mycobacterium,Mycobacterium frederiksbergense,0,1,0,0,0,0,0,0,0,0,0,0,0,1
1467,Bacteria,Actinobacteria,Actinobacteria,Actinomycetales,Mycobacteriaceae,Mycobacterium,Mycobacterium peregrinum,0,0,1,0,0,0,0,0,0,0,0,0,0,1
1475,Bacteria,Actinobacteria,Actinobacteria,Actinomycetales,Mycobacteriaceae,Mycobacterium,Mycobacterium vaccae,0,0,0,0,0,0,0,1,0,0,0,0,0,1
1505,Bacteria,Actinobacteria,Actinobacteria,Actinomycetales,Nocardiaceae,Rhodococcus,Rhodococcus corynebacterioides,0,0,1,0,0,0,0,0,0,0,0,0,0,1
1506,Bacteria,Actinobacteria,Actinobacteria,Actinomycetales,Nocardiaceae,Rhodococcus,Rhodococcus erythropolis,0,0,0,1,0,0,0,0,0,0,0,0,0,1
1693,Bacteria,Actinobacteria,Actinobacteria,Actinomycetales,Nocardioidaceae,Nocardioides,Nocardioides ganghwensis,0,0,1,0,0,0,0,0,0,0,0,0,0,1
1823,Bacteria,Actinobacteria,Actinobacteria,Actinomycetales,Propionibacteriaceae,Propionibacterium,Propionibacterium avidum,0,0,1,0,0,0,0,0,0,0,0,0,0,1
1824,Bacteria,Actinobacteria,Actinobacteria,Actinomycetales,Propionibacteriaceae,Propionibacterium,Propionibacterium granulosum,0,1,1,1,1,0,0,0,0,1,0,0,0,5
1829,Bacteria,Actinobacteria,Actinobacteria,Actinomycetales,Propionibacteriaceae,Propionimicrobium,Propionimicrobium lymphophilum,0,0,1,0,0,0,0,0,0,0,0,0,0,1
1900,Bacteria,Actinobacteria,Actinobacteria,Actinomycetales,Pseudonocardiaceae,Pseudonocardia,Pseudonocardia carboxydivorans,0,1,1,0,0,0,0,0,0,0,0,0,0,2
2007,Bacteria,Actinobacteria,Actinobacteria,Actinomycetales,Streptomycetaceae,Streptomyces,Streptomyces tricolor,0,1,1,0,0,0,0,0,0,0,0,0,0,2
2029,Bacteria,Actinobacteria,Actinobacteria,Bifidobacteriales,Bifidobacteriaceae,Alloscardovia,Alloscardovia omnicolens,0,0,0,0,0,0,0,0,0,0,0,1,0,1
2039,Bacteria,Actinobacteria,Actinobacteria,Bifidobacteriales,Bifidobacteriaceae,Bifidobacterium,Bifidobacterium adolescentis,0,0,0,0,0,0,0,0,0,0,0,1,1,2
2041,Bacteria,Actinobacteria,Actinobacteria,Bifidobacteriales,Bifidobacteriaceae,Bifidobacterium,Bifidobacterium animalis,0,0,0,0,0,0,0,0,0,0,0,0,1,1
2043,Bacteria,Actinobacteria,Actinobacteria,Bifidobacteriales,Bifidobacteriaceae,Bifidobacterium,Bifidobacterium bifidum,0,0,0,0,0,0,0,0,0,0,0,1,1,2
2045,Bacteria,Actinobacteria,Actinobacteria,Bifidobacteriales,Bifidobacteriaceae,Bifidobacterium,Bifidobacterium breve,0,0,0,0,0,0,0,0,0,0,0,1,0,1
2046,Bacteria,Actinobacteria,Actinobacteria,Bifidobacteriales,Bifidobacteriaceae,Bifidobacterium,Bifidobacterium catenulatum,0,0,0,0,0,0,0,0,0,0,0,1,1,2
2049,Bacteria,Actinobacteria,Actinobacteria,Bifidobacteriales,Bifidobacteriaceae,Bifidobacterium,Bifidobacterium dentium,0,0,0,0,0,0,0,0,0,0,0,1,1,2
2051,Bacteria,Actinobacteria,Actinobacteria,Bifidobacteriales,Bifidobacteriaceae,Bifidobacterium,Bifidobacterium longum,0,0,0,0,0,0,0,0,0,0,0,1,1,2
2053,Bacteria,Actinobacteria,Actinobacteria,Bifidobacteriales,Bifidobacteriaceae,Bifidobacterium,Bifidobacterium pseudocatenulatum,0,0,0,0,0,0,0,0,0,0,0,1,1,2
2061,Bacteria,Actinobacteria,Actinobacteria,Bifidobacteriales,Bifidobacteriaceae,Gardnerella,Gardnerella vaginalis,0,0,1,0,0,0,0,0,0,0,0,0,0,1
2163,Bacteria,Actinobacteria,Coriobacteriia,Coriobacteriales,Coriobacteriaceae,Collinsella,Collinsella aerofaciens,0,0,0,0,0,0,0,0,0,0,0,1,1,2
2165,Bacteria,Actinobacteria,Coriobacteriia,Coriobacteriales,Coriobacteriaceae,Eggerthella,Eggerthella lenta,0,0,0,0,0,0,0,0,0,0,0,1,0,1
2490,Bacteria,Bacteroidetes,Bacteroidia,Bacteroidales,Bacteroidaceae,Bacteroides,Bacteroides caccae,0,0,0,0,0,0,0,0,0,0,0,1,1,2
2495,Bacteria,Bacteroidetes,Bacteroidia,Bacteroidales,Bacteroidaceae,Bacteroides,Bacteroides dorei,0,0,0,0,0,1,0,0,0,0,0,1,1,3
2496,Bacteria,Bacteroidetes,Bacteroidia,Bacteroidales,Bacteroidaceae,Bacteroides,Bacteroides eggerthii,0,0,0,0,0,0,0,0,0,0,0,1,0,1
2499,Bacteria,Bacteroidetes,Bacteroidia,Bacteroidales,Bacteroidaceae,Bacteroides,Bacteroides fragilis,0,0,0,0,0,0,0,0,0,0,0,0,1,1
2503,Bacteria,Bacteroidetes,Bacteroidia,Bacteroidales,Bacteroidaceae,Bacteroides,Bacteroides ovatus,0,0,0,0,0,0,0,1,0,0,0,1,1,3
2505,Bacteria,Bacteroidetes,Bacteroidia,Bacteroidales,Bacteroidaceae,Bacteroides,Bacteroides salyersiae,0,0,0,0,0,0,0,0,0,0,0,1,1,2
2507,Bacteria,Bacteroidetes,Bacteroidia,Bacteroidales,Bacteroidaceae,Bacteroides,Bacteroides thetaiotaomicron,0,0,0,0,0,0,0,0,0,0,0,1,1,2
2508,Bacteria,Bacteroidetes,Bacteroidia,Bacteroidales,Bacteroidaceae,Bacteroides,Bacteroides uniformis,0,0,0,0,0,0,0,0,0,0,0,1,1,2
2509,Bacteria,Bacteroidetes,Bacteroidia,Bacteroidales,Bacteroidaceae,Bacteroides,Bacteroides vulgatus,0,0,0,0,0,0,0,0,0,0,0,1,1,2
2510,Bacteria,Bacteroidetes,Bacteroidia,Bacteroidales,Bacteroidaceae,Bacteroides,Bacteroides xylanisolvens,0,0,0,0,0,0,0,0,0,0,0,1,1,2
2556,Bacteria,Bacteroidetes,Bacteroidia,Bacteroidales,Paraprevotellaceae,Prevotella,Prevotella tannerae,0,0,1,0,0,0,0,0,0,0,0,1,1,3
2735,Bacteria,Bacteroidetes,Bacteroidia,Bacteroidales,Porphyromonadaceae,Barnesiella,Barnesiella intestinihominis,0,0,0,0,0,0,0,0,0,0,0,0,1,1
2777,Bacteria,Bacteroidetes,Bacteroidia,Bacteroidales,Porphyromonadaceae,Parabacteroides,Parabacteroides distasonis,0,0,0,0,0,0,0,0,0,0,0,1,1,2
2778,Bacteria,Bacteroidetes,Bacteroidia,Bacteroidales,Porphyromonadaceae,Parabacteroides,Parabacteroides goldsteinii,0,0,0,0,0,0,0,0,0,0,0,1,0,1
2780,Bacteria,Bacteroidetes,Bacteroidia,Bacteroidales,Porphyromonadaceae,Parabacteroides,Parabacteroides merdae,0,0,0,0,0,0,0,0,0,0,0,1,1,2
2856,Bacteria,Bacteroidetes,Bacteroidia,Bacteroidales,Porphyromonadaceae,Porphyromonas,Porphyromonas asaccharolytica,0,0,0,0,0,0,0,0,0,0,0,1,0,1
2866,Bacteria,Bacteroidetes,Bacteroidia,Bacteroidales,Porphyromonadaceae,Porphyromonas,Porphyromonas uenonis,0,0,0,0,0,0,0,0,0,0,0,1,1,2
3033,Bacteria,Bacteroidetes,Bacteroidia,Bacteroidales,Prevotellaceae,Prevotella,Prevotella baroniae,0,0,0,0,0,0,0,0,0,0,0,1,0,1
3036,Bacteria,Bacteroidetes,Bacteroidia,Bacteroidales,Prevotellaceae,Prevotella,Prevotella buccae,0,0,0,0,0,0,0,0,0,0,0,1,0,1
3037,Bacteria,Bacteroidetes,Bacteroidia,Bacteroidales,Prevotellaceae,Prevotella,Prevotella buccalis,0,0,1,0,0,0,0,0,0,0,0,0,0,1
3038,Bacteria,Bacteroidetes,Bacteroidia,Bacteroidales,Prevotellaceae,Prevotella,Prevotella copri,0,0,1,0,0,0,0,0,0,0,0,0,0,1
3040,Bacteria,Bacteroidetes,Bacteroidia,Bacteroidales,Prevotellaceae,Prevotella,Prevotella denticola,0,0,1,0,0,0,0,0,0,0,0,0,0,1
3046,Bacteria,Bacteroidetes,Bacteroidia,Bacteroidales,Prevotellaceae,Prevotella,Prevotella melaninogenica,0,1,1,0,0,0,0,0,0,0,0,0,1,3
3051,Bacteria,Bacteroidetes,Bacteroidia,Bacteroidales,Prevotellaceae,Prevotella,Prevotella nigrescens,0,0,1,0,0,0,0,0,0,0,0,1,0,2
3053,Bacteria,Bacteroidetes,Bacteroidia,Bacteroidales,Prevotellaceae,Prevotella,Prevotella oris,0,0,1,0,0,0,0,0,0,0,0,0,0,1
3055,Bacteria,Bacteroidetes,Bacteroidia,Bacteroidales,Prevotellaceae,Prevotella,Prevotella pallens,0,0,0,0,0,0,0,0,0,0,0,0,1,1
3058,Bacteria,Bacteroidetes,Bacteroidia,Bacteroidales,Prevotellaceae,Prevotella,Prevotella stercorea,0,0,0,0,0,0,0,0,0,0,0,1,0,1
3059,Bacteria,Bacteroidetes,Bacteroidia,Bacteroidales,Prevotellaceae,Prevotella,Prevotella timonensis,1,1,1,1,0,0,0,0,0,0,0,0,0,4
3062,Bacteria,Bacteroidetes,Bacteroidia,Bacteroidales,Rikenellaceae,Alistipes,Alistipes finegoldii,0,0,0,0,0,0,0,0,0,0,0,1,1,2
3063,Bacteria,Bacteroidetes,Bacteroidia,Bacteroidales,Rikenellaceae,Alistipes,Alistipes indistinctus,0,0,0,0,0,0,0,0,0,0,0,1,1,2
3064,Bacteria,Bacteroidetes,Bacteroidia,Bacteroidales,Rikenellaceae,Alistipes,Alistipes putredinis,0,0,0,0,0,0,0,0,0,0,0,1,1,2
3065,Bacteria,Bacteroidetes,Bacteroidia,Bacteroidales,Rikenellaceae,Alistipes,Alistipes shahii,0,0,0,0,0,0,0,0,0,0,0,1,1,2
3553,Bacteria,Bacteroidetes,Flavobacteriia,Flavobacteriales,Flavobacteriaceae,Capnocytophaga,Capnocytophaga gingivalis,0,0,1,0,0,0,0,0,0,0,0,0,0,1
3555,Bacteria,Bacteroidetes,Flavobacteriia,Flavobacteriales,Flavobacteriaceae,Capnocytophaga,Capnocytophaga leadbetteri,0,0,1,0,0,0,0,0,0,0,0,0,0,1
3556,Bacteria,Bacteroidetes,Flavobacteriia,Flavobacteriales,Flavobacteriaceae,Capnocytophaga,Capnocytophaga ochracea,0,0,1,0,0,0,0,0,0,0,0,1,0,2
3577,Bacteria,Bacteroidetes,Flavobacteriia,Flavobacteriales,Flavobacteriaceae,Chryseobacterium,Chryseobacterium hispanicum,0,0,1,0,0,0,0,0,0,0,0,0,0,1
3798,Bacteria,Bacteroidetes,Flavobacteriia,Flavobacteriales,Flavobacteriaceae,Myroides,Myroides odoratimimus,0,0,1,0,0,0,0,0,0,0,0,0,0,1
3819,Bacteria,Bacteroidetes,Flavobacteriia,Flavobacteriales,Flavobacteriaceae,Wautersiella,Empedobacter falsenii,0,0,1,0,0,0,0,0,0,0,0,0,0,1
4168,Bacteria,Bacteroidetes,Sphingobacteriia,Sphingobacteriales,Sphingobacteriaceae,Sphingobacterium,Sphingobacterium daejeonense,0,1,0,0,0,0,0,0,0,0,0,0,0,1
4719,Bacteria,Firmicutes,Bacilli,Bacillales,Bacillaceae,Anoxybacillus,Anoxybacillus kestanbolensis,0,0,1,0,0,0,0,0,0,0,0,0,0,1
4868,Bacteria,Firmicutes,Bacilli,Bacillales,Bacillaceae,Bacillus,Bacillus clausii,0,0,0,0,0,0,0,0,0,1,0,0,0,1
4924,Bacteria,Firmicutes,Bacilli,Bacillales,Bacillaceae 1,Bacillus,Bacillus anthracis,0,1,0,0,0,0,0,0,0,0,0,0,0,1
4932,Bacteria,Firmicutes,Bacilli,Bacillales,Bacillaceae 1,Bacillus,Bacillus flexus,0,0,1,0,0,0,0,0,0,0,0,0,0,1
4951,Bacteria,Firmicutes,Bacilli,Bacillales,Bacillaceae 1,Bacillus,Bacillus subtilis,0,0,1,0,0,0,0,0,0,0,0,0,0,1
5106,Bacteria,Firmicutes,Bacilli,Bacillales,Planococcaceae,Lysinibacillus,Lysinibacillus boronitolerans,0,0,1,0,0,0,0,0,0,0,1,0,0,2
5133,Bacteria,Firmicutes,Bacilli,Bacillales,Planococcaceae,Planomicrobium,Planomicrobium okeanokoites,0,0,1,0,1,0,0,0,0,0,0,0,0,2
5150,Bacteria,Firmicutes,Bacilli,Bacillales,Planococcaceae,Solibacillus,Solibacillus silvestris,0,0,1,0,0,0,0,0,0,0,0,0,0,1
5179,Bacteria,Firmicutes,Bacilli,Bacillales,Staphylococcaceae,Jeotgalicoccus,Jeotgalicoccus psychrophilus,0,0,1,0,0,0,0,0,0,0,0,0,0,1
5190,Bacteria,Firmicutes,Bacilli,Bacillales,Staphylococcaceae,Salinicoccus,Salinicoccus qingdaonensis,0,0,0,0,0,0,0,1,0,0,0,0,0,1
5191,Bacteria,Firmicutes,Bacilli,Bacillales,Staphylococcaceae,Salinicoccus,Salinicoccus roseus,0,0,1,0,0,0,0,0,0,0,0,0,0,1
5314,Bacteria,Firmicutes,Bacilli,Bacillales,Staphylococcaceae,Staphylococcus,Staphylococcus arlettae,0,0,1,1,0,0,0,0,0,0,0,0,0,2
5315,Bacteria,Firmicutes,Bacilli,Bacillales,Staphylococcaceae,Staphylococcus,Staphylococcus aureus,0,1,1,0,0,1,0,0,0,0,0,0,0,3
5318,Bacteria,Firmicutes,Bacilli,Bacillales,Staphylococcaceae,Staphylococcus,Staphylococcus caprae,0,1,1,0,0,0,0,0,0,0,0,0,0,2
5319,Bacteria,Firmicutes,Bacilli,Bacillales,Staphylococcaceae,Staphylococcus,Staphylococcus cohnii,0,1,1,0,0,0,0,0,1,0,0,0,0,3
5320,Bacteria,Firmicutes,Bacilli,Bacillales,Staphylococcaceae,Staphylococcus,Staphylococcus devriesei,0,0,1,0,0,0,0,0,0,0,0,0,0,1
5322,Bacteria,Firmicutes,Bacilli,Bacillales,Staphylococcaceae,Staphylococcus,Staphylococcus equorum,0,0,1,0,0,0,0,0,0,0,0,0,0,1
5324,Bacteria,Firmicutes,Bacilli,Bacillales,Staphylococcaceae,Staphylococcus,Staphylococcus haemolyticus,0,0,1,0,0,0,0,0,0,0,0,0,0,1
5327,Bacteria,Firmicutes,Bacilli,Bacillales,Staphylococcaceae,Staphylococcus,Staphylococcus lugdunensis,0,0,1,0,0,0,0,0,0,0,0,0,0,1
5330,Bacteria,Firmicutes,Bacilli,Bacillales,Staphylococcaceae,Staphylococcus,Staphylococcus pasteuri,0,1,1,0,0,0,0,0,0,0,0,0,0,2
5331,Bacteria,Firmicutes,Bacilli,Bacillales,Staphylococcaceae,Staphylococcus,Staphylococcus pettenkoferi,0,0,0,0,1,0,0,0,0,0,0,0,0,1
5333,Bacteria,Firmicutes,Bacilli,Bacillales,Staphylococcaceae,Staphylococcus,Staphylococcus saprophyticus,0,1,1,0,1,0,0,0,0,0,0,0,0,3
5335,Bacteria,Firmicutes,Bacilli,Bacillales,Staphylococcaceae,Staphylococcus,Staphylococcus sciuri,0,0,1,0,0,0,0,0,0,0,0,0,0,1
5338,Bacteria,Firmicutes,Bacilli,Bacillales,Staphylococcaceae,Staphylococcus,Staphylococcus warneri,0,1,1,1,1,0,0,0,0,0,0,0,0,4
5362,Bacteria,Firmicutes,Bacilli,Bacillales,Unknown species,Exiguobacterium,Exiguobacterium aurantiacum,0,0,1,0,0,0,0,0,0,0,0,0,0,1
5377,Bacteria,Firmicutes,Bacilli,Bacillales,Unknown species,Gemella,Gemella haemolysans,0,1,1,0,0,0,0,0,0,0,0,1,0,3
5379,Bacteria,Firmicutes,Bacilli,Bacillales,Unknown species,Gemella,Gemella sanguinis,0,0,1,0,0,0,0,0,0,0,0,1,1,3
5483,Bacteria,Firmicutes,Bacilli,Lactobacillales,Aerococcaceae,Alloiococcus,Alloiococcus otitis,0,0,1,0,0,0,0,0,0,0,0,0,0,1
5527,Bacteria,Firmicutes,Bacilli,Lactobacillales,Carnobacteriaceae,Desemzia,Desemzia incerta,0,0,0,1,0,0,0,0,0,0,0,0,0,1
5552,Bacteria,Firmicutes,Bacilli,Lactobacillales,Carnobacteriaceae,Granulicatella,Granulicatella adiacens,0,1,1,0,0,0,1,0,0,0,0,1,1,5
5553,Bacteria,Firmicutes,Bacilli,Lactobacillales,Carnobacteriaceae,Granulicatella,Granulicatella elegans,0,0,1,0,0,0,0,0,0,0,0,0,0,1
5577,Bacteria,Firmicutes,Bacilli,Lactobacillales,Enterococcaceae,Enterococcus,Enterococcus cecorum,0,0,1,1,0,0,0,0,0,0,0,0,0,2
5580,Bacteria,Firmicutes,Bacilli,Lactobacillales,Enterococcaceae,Enterococcus,Enterococcus durans,0,0,0,0,0,0,0,0,0,0,0,1,0,1
5582,Bacteria,Firmicutes,Bacilli,Lactobacillales,Enterococcaceae,Enterococcus,Enterococcus faecium,0,0,0,0,0,0,1,0,0,0,0,1,1,3
5583,Bacteria,Firmicutes,Bacilli,Lactobacillales,Enterococcaceae,Enterococcus,Enterococcus gallinarum,0,0,0,0,0,0,1,0,0,0,0,0,0,1
5666,Bacteria,Firmicutes,Bacilli,Lactobacillales,Lactobacillaceae,Lactobacillus,Lactobacillus acidophilus,0,0,0,0,0,0,0,0,0,0,0,0,1,1
5674,Bacteria,Firmicutes,Bacilli,Lactobacillales,Lactobacillaceae,Lactobacillus,Lactobacillus casei,0,0,1,0,0,0,0,0,0,0,0,0,0,1
5679,Bacteria,Firmicutes,Bacilli,Lactobacillales,Lactobacillaceae,Lactobacillus,Lactobacillus delbrueckii,0,0,0,0,0,0,0,0,0,0,0,1,1,2
5683,Bacteria,Firmicutes,Bacilli,Lactobacillales,Lactobacillaceae,Lactobacillus,Lactobacillus gasseri,0,0,0,0,0,0,0,0,0,0,0,1,1,2
5687,Bacteria,Firmicutes,Bacilli,Lactobacillales,Lactobacillaceae,Lactobacillus,Lactobacillus iners,0,1,1,0,1,0,0,0,0,0,0,0,0,3
5692,Bacteria,Firmicutes,Bacilli,Lactobacillales,Lactobacillaceae,Lactobacillus,Lactobacillus kitasatonis,0,0,0,0,0,0,0,0,0,0,0,0,1,1
5702,Bacteria,Firmicutes,Bacilli,Lactobacillales,Lactobacillaceae,Lactobacillus,Lactobacillus plantarum,0,0,0,0,0,0,0,0,0,0,0,1,0,1
5705,Bacteria,Firmicutes,Bacilli,Lactobacillales,Lactobacillaceae,Lactobacillus,Lactobacillus ruminis,0,0,0,0,0,0,0,0,0,0,0,1,1,2
5706,Bacteria,Firmicutes,Bacilli,Lactobacillales,Lactobacillaceae,Lactobacillus,Lactobacillus sakei,0,0,0,0,0,0,0,1,0,0,0,0,0,1
5707,Bacteria,Firmicutes,Bacilli,Lactobacillales,Lactobacillaceae,Lactobacillus,Lactobacillus salivarius,0,0,0,0,0,0,0,0,0,0,0,0,1,1
5711,Bacteria,Firmicutes,Bacilli,Lactobacillales,Lactobacillaceae,Lactobacillus,Lactobacillus vaginalis,0,0,0,0,0,0,0,0,0,0,0,1,1,2
5724,Bacteria,Firmicutes,Bacilli,Lactobacillales,Leuconostocaceae,Leuconostoc,Leuconostoc citreum,0,0,1,1,0,0,0,1,0,0,0,0,0,3
5725,Bacteria,Firmicutes,Bacilli,Lactobacillales,Leuconostocaceae,Leuconostoc,Leuconostoc gasicomitatum,0,1,0,0,0,0,0,0,0,0,0,0,0,1
5730,Bacteria,Firmicutes,Bacilli,Lactobacillales,Leuconostocaceae,Leuconostoc,Leuconostoc mesenteroides,0,0,1,0,0,0,1,0,0,0,0,0,0,2
5734,Bacteria,Firmicutes,Bacilli,Lactobacillales,Leuconostocaceae,Weissella,Weissella confusa,0,0,0,1,1,0,0,1,0,0,0,0,0,3
5754,Bacteria,Firmicutes,Bacilli,Lactobacillales,Streptococcaceae,Lactococcus,Lactococcus chungangensis,0,1,0,0,0,0,0,0,0,0,0,0,0,1
5755,Bacteria,Firmicutes,Bacilli,Lactobacillales,Streptococcaceae,Lactococcus,Lactococcus garvieae,0,0,1,0,0,0,0,0,0,0,0,0,0,1
5758,Bacteria,Firmicutes,Bacilli,Lactobacillales,Streptococcaceae,Lactococcus,Lactococcus raffinolactis,0,0,1,0,0,0,0,0,0,0,0,0,0,1
6157,Bacteria,Firmicutes,Bacilli,Lactobacillales,Streptococcaceae,Streptococcus,Enterococcus durans,0,0,0,0,0,0,0,0,0,0,0,1,0,1
6158,Bacteria,Firmicutes,Bacilli,Lactobacillales,Streptococcaceae,Streptococcus,Enterococcus faecium,0,0,1,0,1,0,0,0,0,0,0,1,1,4
6161,Bacteria,Firmicutes,Bacilli,Lactobacillales,Streptococcaceae,Streptococcus,Streptococcus anginosus,0,1,1,0,0,0,1,0,0,0,0,0,0,3
6162,Bacteria,Firmicutes,Bacilli,Lactobacillales,Streptococcaceae,Streptococcus,Streptococcus australis,0,0,1,0,0,0,0,0,0,0,0,1,1,3
6165,Bacteria,Firmicutes,Bacilli,Lactobacillales,Streptococcaceae,Streptococcus,Streptococcus constellatus,0,0,0,0,0,0,0,0,0,0,0,1,1,2
6166,Bacteria,Firmicutes,Bacilli,Lactobacillales,Streptococcaceae,Streptococcus,Streptococcus cristatus,0,0,1,0,0,0,0,0,0,0,0,0,0,1
6173,Bacteria,Firmicutes,Bacilli,Lactobacillales,Streptococcaceae,Streptococcus,Streptococcus gordonii,0,1,1,0,0,0,0,0,0,0,0,0,0,2
6174,Bacteria,Firmicutes,Bacilli,Lactobacillales,Streptococcaceae,Streptococcus,Streptococcus infantarius,0,0,0,0,0,0,0,0,0,0,0,1,0,1
6175,Bacteria,Firmicutes,Bacilli,Lactobacillales,Streptococcaceae,Streptococcus,Streptococcus infantis,1,1,1,1,0,0,0,0,0,0,0,0,0,4
6177,Bacteria,Firmicutes,Bacilli,Lactobacillales,Streptococcaceae,Streptococcus,Streptococcus intermedius,0,0,0,0,0,0,0,0,0,0,0,1,0,1
6180,Bacteria,Firmicutes,Bacilli,Lactobacillales,Streptococcaceae,Streptococcus,Streptococcus mutans,0,0,1,0,0,0,0,0,0,0,0,1,1,3
6181,Bacteria,Firmicutes,Bacilli,Lactobacillales,Streptococcaceae,Streptococcus,Streptococcus oralis,0,0,1,0,0,0,0,0,0,0,0,1,1,3
6182,Bacteria,Firmicutes,Bacilli,Lactobacillales,Streptococcaceae,Streptococcus,Streptococcus parasanguinis,0,1,1,0,1,0,0,0,0,0,0,1,1,5
6183,Bacteria,Firmicutes,Bacilli,Lactobacillales,Streptococcaceae,Streptococcus,Streptococcus peroris,0,0,0,0,0,0,0,0,0,0,0,1,1,2
6184,Bacteria,Firmicutes,Bacilli,Lactobacillales,Streptococcaceae,Streptococcus,Streptococcus pneumoniae,0,0,1,1,0,0,0,0,0,0,0,1,1,4
6194,Bacteria,Firmicutes,Bacilli,Lactobacillales,Streptococcaceae,Streptococcus,Streptococcus vestibularis,0,0,1,0,0,0,0,0,0,0,0,0,0,1
6342,Bacteria,Firmicutes,Clostridia,Clostridiales,Clostridiaceae,Clostridium,Clostridium perfringens,0,0,0,0,0,0,0,0,0,0,0,1,1,2
6416,Bacteria,Firmicutes,Clostridia,Clostridiales,Clostridiaceae 1,Clostridium sensu stricto,Clostridium paraputrificum,0,0,0,0,0,0,0,0,0,0,0,1,0,1
6434,Bacteria,Firmicutes,Clostridia,Clostridiales,Eubacteriaceae,Eubacterium,Eubacterium brachy,0,0,1,0,0,0,0,0,0,0,0,0,1,2
6443,Bacteria,Firmicutes,Clostridia,Clostridiales,Lachnospiraceae,Anaerostipes,Anaerostipes hadrus,0,0,0,0,0,0,0,0,0,0,0,1,1,2
7735,Bacteria,Firmicutes,Clostridia,Clostridiales,Lachnospiraceae,Blautia,Blautia faecis,0,0,0,0,0,0,0,0,0,0,0,1,1,2
7736,Bacteria,Firmicutes,Clostridia,Clostridiales,Lachnospiraceae,Blautia,Blautia obeum,0,0,0,0,0,0,0,1,0,0,0,1,1,3
8037,Bacteria,Firmicutes,Clostridia,Clostridiales,Lachnospiraceae,Clostridium XlVa,Clostridium bolteae,0,0,0,0,0,0,0,0,0,0,0,1,1,2
8038,Bacteria,Firmicutes,Clostridia,Clostridiales,Lachnospiraceae,Clostridium XlVa,Clostridium celerecrescens,0,0,1,0,0,0,0,0,0,0,0,0,0,1
8039,Bacteria,Firmicutes,Clostridia,Clostridiales,Lachnospiraceae,Clostridium XlVa,Clostridium citroniae,0,0,0,0,0,0,0,0,0,0,0,0,1,1
8040,Bacteria,Firmicutes,Clostridia,Clostridiales,Lachnospiraceae,Clostridium XlVa,Clostridium clostridioforme,0,0,0,0,0,0,0,0,0,0,0,1,1,2
8042,Bacteria,Firmicutes,Clostridia,Clostridiales,Lachnospiraceae,Clostridium XlVa,Clostridium lavalense,0,0,0,0,0,0,0,0,0,0,0,1,1,2
8043,Bacteria,Firmicutes,Clostridia,Clostridiales,Lachnospiraceae,Clostridium XlVa,Clostridium symbiosum,0,0,0,0,0,0,0,0,0,0,0,1,1,2
8044,Bacteria,Firmicutes,Clostridia,Clostridiales,Lachnospiraceae,Clostridium XlVa,Hungatella hathewayi,0,0,0,0,0,0,0,0,0,0,0,1,1,2
8059,Bacteria,Firmicutes,Clostridia,Clostridiales,Lachnospiraceae,Clostridium XlVb,Clostridium lactatifermentans,0,0,0,0,0,0,0,0,0,0,0,1,0,1
8219,Bacteria,Firmicutes,Clostridia,Clostridiales,Lachnospiraceae,Coprococcus,Coprococcus catus,0,0,0,0,0,0,0,0,0,0,0,1,1,2
8220,Bacteria,Firmicutes,Clostridia,Clostridiales,Lachnospiraceae,Coprococcus,Coprococcus comes,0,0,0,0,0,0,0,0,0,0,0,1,1,2
8221,Bacteria,Firmicutes,Clostridia,Clostridiales,Lachnospiraceae,Coprococcus,Coprococcus eutactus,0,0,0,0,0,0,0,0,0,0,0,1,1,2
8320,Bacteria,Firmicutes,Clostridia,Clostridiales,Lachnospiraceae,Dorea,Dorea formicigenerans,0,0,0,0,0,0,0,0,0,0,0,1,1,2
8321,Bacteria,Firmicutes,Clostridia,Clostridiales,Lachnospiraceae,Dorea,Dorea longicatena,0,0,0,0,0,0,0,0,0,0,0,1,1,2
8343,Bacteria,Firmicutes,Clostridia,Clostridiales,Lachnospiraceae,Lachnoanaerobaculum,Eubacterium saburreum,0,0,0,0,0,1,0,0,0,0,0,0,0,1
8344,Bacteria,Firmicutes,Clostridia,Clostridiales,Lachnospiraceae,Lachnoanaerobaculum,Lachnoanaerobaculum orale,0,0,0,0,0,0,0,0,0,0,0,1,0,1
8414,Bacteria,Firmicutes,Clostridia,Clostridiales,Lachnospiraceae,Moryella,Moryella indoligenes,0,0,0,0,0,0,0,0,0,0,0,1,0,1
8422,Bacteria,Firmicutes,Clostridia,Clostridiales,Lachnospiraceae,Oribacterium,Oribacterium asaccharolyticum,0,0,0,0,0,0,0,0,0,0,0,0,1,1
8559,Bacteria,Firmicutes,Clostridia,Clostridiales,Lachnospiraceae,Roseburia,Roseburia faecis,0,0,0,0,0,0,0,0,0,0,0,1,1,2
8560,Bacteria,Firmicutes,Clostridia,Clostridiales,Lachnospiraceae,Roseburia,Roseburia hominis,0,0,0,0,0,0,0,0,0,0,0,1,1,2
8561,Bacteria,Firmicutes,Clostridia,Clostridiales,Lachnospiraceae,Roseburia,Roseburia intestinalis,0,0,0,0,0,0,0,0,0,0,0,0,1,1
8562,Bacteria,Firmicutes,Clostridia,Clostridiales,Lachnospiraceae,Roseburia,Roseburia inulinivorans,0,0,0,0,0,0,0,0,0,0,0,1,1,2
8565,Bacteria,Firmicutes,Clostridia,Clostridiales,Lachnospiraceae,Ruminococcus,Ruminococcus gnavus,0,0,0,0,0,0,0,0,0,0,0,1,1,2
8566,Bacteria,Firmicutes,Clostridia,Clostridiales,Lachnospiraceae,Ruminococcus,Ruminococcus torques,0,0,0,0,0,0,0,0,0,0,0,1,1,2
8717,Bacteria,Firmicutes,Clostridia,Clostridiales,Peptostreptococcaceae,Clostridium XI,Clostridium bartlettii,0,0,0,0,0,0,0,0,0,0,0,1,1,2
8726,Bacteria,Firmicutes,Clostridia,Clostridiales,Peptostreptococcaceae,Peptostreptococcus,Peptostreptococcus stomatis,0,0,1,0,0,0,0,0,0,0,0,0,0,1
9261,Bacteria,Firmicutes,Clostridia,Clostridiales,Ruminococcaceae,Faecalibacterium,Faecalibacterium prausnitzii,0,0,1,1,0,0,0,0,0,0,0,1,1,4
9264,Bacteria,Firmicutes,Clostridia,Clostridiales,Ruminococcaceae,Flavonifractor,Flavonifractor plautii,0,0,0,0,0,0,0,0,0,0,0,1,1,2
9760,Bacteria,Firmicutes,Clostridia,Clostridiales,Ruminococcaceae,Ruminococcus,Ruminococcus bromii,0,0,0,0,0,0,0,0,0,0,0,1,1,2
9761,Bacteria,Firmicutes,Clostridia,Clostridiales,Ruminococcaceae,Ruminococcus,Ruminococcus callidus,0,0,0,0,0,0,0,0,0,0,0,0,1,1
10298,Bacteria,Firmicutes,Clostridia,Clostridiales,Unknown species,Parvimonas,Parvimonas micra,0,0,0,0,0,0,0,0,0,0,0,1,1,2
10513,Bacteria,Firmicutes,Clostridia,Clostridiales,Veillonellaceae,Selenomonas,Selenomonas noxia,0,0,1,0,0,0,0,0,0,0,0,0,0,1
10545,Bacteria,Firmicutes,Clostridia,Clostridiales,Veillonellaceae,Veillonella,Veillonella dispar,0,1,1,0,1,0,1,0,0,0,0,1,1,6
10546,Bacteria,Firmicutes,Clostridia,Clostridiales,Veillonellaceae,Veillonella,Veillonella parvula,0,1,1,0,0,0,0,0,0,0,0,1,1,4
10616,Bacteria,Firmicutes,Erysipelotrichi,Erysipelotrichales,Erysipelotrichaceae,Eubacterium,Eubacterium biforme,0,0,0,0,0,0,0,0,0,0,0,1,1,2
10626,Bacteria,Firmicutes,Erysipelotrichia,Erysipelotrichales,Erysipelotrichaceae,Bulleidia,Bulleidia extructa,0,0,0,0,0,0,0,0,0,0,0,1,0,1
10641,Bacteria,Firmicutes,Erysipelotrichia,Erysipelotrichales,Erysipelotrichaceae,Clostridium XVIII,Clostridium ramosum,0,0,0,0,0,0,0,0,0,0,0,1,1,2
10644,Bacteria,Firmicutes,Erysipelotrichia,Erysipelotrichales,Erysipelotrichaceae,Solobacterium,Bulleidia moorei,0,0,1,0,0,0,0,0,0,0,0,1,1,3
10648,Bacteria,Firmicutes,Negativicutes,Selenomonadales,Veillonellaceae,Dialister,Dialister pneumosintes,0,0,0,0,0,0,0,0,0,0,0,1,1,2
10726,Bacteria,Fusobacteria,Fusobacteriia,Fusobacteriales,Fusobacteriaceae,Fusobacterium,Fusobacterium nucleatum,1,1,1,0,0,0,1,0,0,0,0,1,1,6
10727,Bacteria,Fusobacteria,Fusobacteriia,Fusobacteriales,Fusobacteriaceae,Fusobacterium,Fusobacterium periodonticum,0,1,1,0,0,0,0,0,0,0,0,0,0,2
10774,Bacteria,Fusobacteria,Fusobacteriia,Fusobacteriales,Leptotrichiaceae,Leptotrichia,Leptotrichia buccalis,0,0,1,0,0,0,0,0,0,0,0,0,0,1
10777,Bacteria,Fusobacteria,Fusobacteriia,Fusobacteriales,Leptotrichiaceae,Leptotrichia,Leptotrichia hongkongensis,0,0,0,0,0,0,0,0,0,0,0,1,0,1
10779,Bacteria,Fusobacteria,Fusobacteriia,Fusobacteriales,Leptotrichiaceae,Leptotrichia,Leptotrichia trevisanii,0,0,0,0,0,0,0,0,0,0,0,1,1,2
10780,Bacteria,Fusobacteria,Fusobacteriia,Fusobacteriales,Leptotrichiaceae,Leptotrichia,Leptotrichia wadei,0,1,1,0,0,0,0,0,0,0,0,0,0,2
11417,Bacteria,Proteobacteria,Alphaproteobacteria,Rhizobiales,Brucellaceae,Ochrobactrum,Ochrobactrum haematophilum,0,0,1,0,0,0,0,0,0,0,0,0,0,1
11428,Bacteria,Proteobacteria,Alphaproteobacteria,Rhizobiales,Brucellaceae,Pseudochrobactrum,Pseudochrobactrum saccharolyticum,0,0,1,0,0,0,0,0,0,0,0,0,0,1
11650,Bacteria,Proteobacteria,Alphaproteobacteria,Rhizobiales,Methylobacteriaceae,Methylobacterium,Methylobacterium fujisawaense,0,0,0,1,0,0,0,0,0,0,0,0,0,1
11656,Bacteria,Proteobacteria,Alphaproteobacteria,Rhizobiales,Methylobacteriaceae,Methylobacterium,Methylobacterium mesophilicum,0,1,0,1,0,0,0,0,0,0,0,0,0,2
11660,Bacteria,Proteobacteria,Alphaproteobacteria,Rhizobiales,Methylobacteriaceae,Methylobacterium,Methylobacterium phyllosphaerae,0,1,1,0,0,0,0,0,0,0,0,0,0,2
11772,Bacteria,Proteobacteria,Alphaproteobacteria,Rhizobiales,Phyllobacteriaceae,Mesorhizobium,Mesorhizobium loti,0,0,1,0,0,0,0,0,0,0,0,0,0,1
12106,Bacteria,Proteobacteria,Alphaproteobacteria,Rhodobacterales,Rhodobacteraceae,Paracoccus,Paracoccus chinensis,0,0,1,0,0,0,0,0,0,0,0,0,0,1
12109,Bacteria,Proteobacteria,Alphaproteobacteria,Rhodobacterales,Rhodobacteraceae,Paracoccus,Paracoccus marcusii,0,1,1,0,1,1,0,0,0,0,0,0,0,4
12110,Bacteria,Proteobacteria,Alphaproteobacteria,Rhodobacterales,Rhodobacteraceae,Paracoccus,Paracoccus marinus,0,0,1,0,0,0,0,0,0,0,0,0,0,1
12227,Bacteria,Proteobacteria,Alphaproteobacteria,Rhodobacterales,Rhodobacteraceae,Rubellimicrobium,Rubellimicrobium roseum,0,0,1,0,0,0,0,0,0,0,0,0,0,1
12289,Bacteria,Proteobacteria,Alphaproteobacteria,Rhodospirillales,Acetobacteraceae,Roseomonas,Roseomonas mucosa,0,0,0,1,1,0,0,0,1,0,0,0,0,3
12434,Bacteria,Proteobacteria,Alphaproteobacteria,Rickettsiales,Rickettsiaceae,Rickettsia,Rickettsia felis,0,0,1,0,0,0,0,0,0,0,0,0,0,1
12674,Bacteria,Proteobacteria,Alphaproteobacteria,Sphingomonadales,Sphingomonadaceae,Sphingobium,Sphingomonas yanoikuyae,1,0,0,1,0,0,0,0,0,1,0,0,0,3
12931,Bacteria,Proteobacteria,Alphaproteobacteria,Sphingomonadales,Sphingomonadaceae,Sphingomonas,Sphingomonas roseiflava,0,0,1,0,0,0,0,0,0,0,0,0,0,1
12934,Bacteria,Proteobacteria,Alphaproteobacteria,Sphingomonadales,Sphingomonadaceae,Sphingomonas,Sphingomonas wittichii,0,0,1,1,0,0,0,0,0,0,0,0,0,2
12937,Bacteria,Proteobacteria,Alphaproteobacteria,Sphingomonadales,Sphingomonadaceae,Sphingomonas,Sphingomonas yunnanensis,0,0,0,1,1,0,0,0,0,0,0,0,0,2
12998,Bacteria,Proteobacteria,Betaproteobacteria,Burkholderiales,Alcaligenaceae,Achromobacter,Achromobacter denitrificans,0,1,0,0,0,0,0,0,0,0,0,0,0,1
13005,Bacteria,Proteobacteria,Betaproteobacteria,Burkholderiales,Alcaligenaceae,Achromobacter,Achromobacter xylosoxidans,0,0,1,0,0,0,0,0,0,0,0,0,0,1
13018,Bacteria,Proteobacteria,Betaproteobacteria,Burkholderiales,Alcaligenaceae,Alcaligenes,Alcaligenes faecalis,0,0,1,0,1,0,0,0,0,0,0,0,0,2
13157,Bacteria,Proteobacteria,Betaproteobacteria,Burkholderiales,Burkholderiaceae,Cupriavidus,Cupriavidus respiraculi,0,0,1,0,0,0,0,0,0,0,0,0,0,1
13194,Bacteria,Proteobacteria,Betaproteobacteria,Burkholderiales,Comamonadaceae,Acidovorax,Acidovorax temperans,0,1,0,1,1,0,0,0,0,0,0,0,0,3
13395,Bacteria,Proteobacteria,Betaproteobacteria,Burkholderiales,Comamonadaceae,Diaphorobacter,Diaphorobacter nitroreducens,0,1,1,0,0,0,0,0,0,0,0,0,0,2
13613,Bacteria,Proteobacteria,Betaproteobacteria,Burkholderiales,Comamonadaceae,Schlegelella,Schlegelella aquatica,0,0,0,0,0,0,0,1,0,0,0,0,0,1
13898,Bacteria,Proteobacteria,Betaproteobacteria,Burkholderiales,Oxalobacteraceae,Massilia,Massilia haematophila,0,1,0,0,0,0,0,0,0,0,0,0,0,1
13902,Bacteria,Proteobacteria,Betaproteobacteria,Burkholderiales,Oxalobacteraceae,Massilia,Massilia oculi,0,1,0,0,0,0,0,0,0,0,0,0,0,1
13904,Bacteria,Proteobacteria,Betaproteobacteria,Burkholderiales,Oxalobacteraceae,Massilia,Massilia timonae,0,0,1,0,0,0,0,0,0,0,0,0,0,1
13907,Bacteria,Proteobacteria,Betaproteobacteria,Burkholderiales,Oxalobacteraceae,Massilia,Naxibacter suwonensis,0,0,1,0,0,0,0,0,0,0,0,0,0,1
13920,Bacteria,Proteobacteria,Betaproteobacteria,Burkholderiales,Oxalobacteraceae,Noviherbaspirillum,Noviherbaspirillum aurantiacum,0,0,0,0,1,0,0,0,0,0,0,0,0,1
13994,Bacteria,Proteobacteria,Betaproteobacteria,Burkholderiales,Sutterellaceae,Sutterella,Sutterella wadsworthensis,0,0,0,0,0,0,0,0,0,0,0,0,1,1
14087,Bacteria,Proteobacteria,Betaproteobacteria,Neisseriales,Neisseriaceae,Eikenella,Eikenella corrodens,0,0,0,0,0,1,0,0,0,0,0,1,1,3
14108,Bacteria,Proteobacteria,Betaproteobacteria,Neisseriales,Neisseriaceae,Kingella,Kingella oralis,0,1,1,0,0,0,0,0,0,0,0,0,0,2
14166,Bacteria,Proteobacteria,Betaproteobacteria,Neisseriales,Neisseriaceae,Neisseria,Neisseria elongata,0,0,1,0,0,0,0,0,0,0,0,0,0,1
14169,Bacteria,Proteobacteria,Betaproteobacteria,Neisseriales,Neisseriaceae,Neisseria,Neisseria macacae,0,0,1,0,1,0,0,0,0,0,1,0,0,3
14172,Bacteria,Proteobacteria,Betaproteobacteria,Neisseriales,Neisseriaceae,Neisseria,Neisseria oralis,0,0,1,0,0,0,0,0,0,0,0,0,0,1
14173,Bacteria,Proteobacteria,Betaproteobacteria,Neisseriales,Neisseriaceae,Neisseria,Neisseria perflava,0,1,1,0,0,0,0,0,0,0,0,0,0,2
14174,Bacteria,Proteobacteria,Betaproteobacteria,Neisseriales,Neisseriaceae,Neisseria,Neisseria subflava,0,1,1,0,0,0,1,0,0,0,0,0,0,3
14384,Bacteria,Proteobacteria,Deltaproteobacteria,Desulfovibrionales,Desulfovibrionaceae,Bilophila,Bilophila wadsworthia,0,0,0,0,0,0,0,0,0,0,0,0,1,1
14526,Bacteria,Proteobacteria,Epsilonproteobacteria,Campylobacterales,Campylobacteraceae,Arcobacter,Arcobacter nitrofigilis,0,1,0,0,0,0,0,0,0,0,0,0,0,1
14545,Bacteria,Proteobacteria,Epsilonproteobacteria,Campylobacterales,Campylobacteraceae,Campylobacter,Campylobacter concisus,0,0,0,0,0,0,0,0,0,0,0,1,0,1
14547,Bacteria,Proteobacteria,Epsilonproteobacteria,Campylobacterales,Campylobacteraceae,Campylobacter,Campylobacter gracilis,0,0,1,0,0,0,0,0,0,0,0,1,0,2
14551,Bacteria,Proteobacteria,Epsilonproteobacteria,Campylobacterales,Campylobacteraceae,Campylobacter,Campylobacter ureolyticus,1,0,0,0,0,0,0,0,0,0,0,0,0,1
14571,Bacteria,Proteobacteria,Gammaproteobacteria,Aeromonadales,Aeromonadaceae,Aeromonas,Aeromonas caviae,0,0,1,0,0,0,0,0,0,0,0,0,0,1
14574,Bacteria,Proteobacteria,Gammaproteobacteria,Aeromonadales,Aeromonadaceae,Aeromonas,Aeromonas hydrophila,1,1,1,1,0,0,0,1,0,0,0,0,0,5
14575,Bacteria,Proteobacteria,Gammaproteobacteria,Aeromonadales,Aeromonadaceae,Aeromonas,Aeromonas jandaei,0,0,1,0,0,0,0,0,0,0,0,0,0,1
14578,Bacteria,Proteobacteria,Gammaproteobacteria,Aeromonadales,Aeromonadaceae,Aeromonas,Aeromonas punctata,0,0,1,0,0,0,0,0,0,0,0,0,0,1
14582,Bacteria,Proteobacteria,Gammaproteobacteria,Aeromonadales,Aeromonadaceae,Aeromonas,Aeromonas veronii,0,0,1,0,0,0,0,0,0,0,0,0,0,1
14680,Bacteria,Proteobacteria,Gammaproteobacteria,Alteromonadales,Shewanellaceae,Shewanella,Shewanella decolorationis,0,0,1,0,0,0,1,0,0,0,0,0,0,2
14683,Bacteria,Proteobacteria,Gammaproteobacteria,Alteromonadales,Shewanellaceae,Shewanella,Shewanella putrefaciens,0,0,1,0,0,0,0,0,0,0,0,0,0,1
14707,Bacteria,Proteobacteria,Gammaproteobacteria,Cardiobacteriales,Cardiobacteriaceae,Cardiobacterium,Cardiobacterium valvarum,0,0,1,0,0,0,0,0,0,0,0,0,0,1
14775,Bacteria,Proteobacteria,Gammaproteobacteria,Enterobacteriales,Enterobacteriaceae,Citrobacter,Citrobacter freundii,0,0,1,0,1,0,1,0,0,0,0,0,0,3
14846,Bacteria,Proteobacteria,Gammaproteobacteria,Enterobacteriales,Enterobacteriaceae,Enterobacter,Enterobacter aerogenes,0,1,1,0,0,0,1,0,0,0,0,0,1,4
14847,Bacteria,Proteobacteria,Gammaproteobacteria,Enterobacteriales,Enterobacteriaceae,Enterobacter,Enterobacter asburiae,0,0,1,0,0,0,1,0,0,1,0,1,0,4
14848,Bacteria,Proteobacteria,Gammaproteobacteria,Enterobacteriales,Enterobacteriaceae,Enterobacter,Enterobacter cancerogenus,0,0,1,0,0,0,0,0,0,0,0,1,1,3
14849,Bacteria,Proteobacteria,Gammaproteobacteria,Enterobacteriales,Enterobacteriaceae,Enterobacter,Enterobacter cloacae,0,1,1,0,0,0,1,0,0,0,1,1,1,6
14918,Bacteria,Proteobacteria,Gammaproteobacteria,Enterobacteriales,Enterobacteriaceae,Erwinia,Erwinia persicina,0,0,1,0,0,0,0,0,0,0,0,0,0,1
15019,Bacteria,Proteobacteria,Gammaproteobacteria,Enterobacteriales,Enterobacteriaceae,Escherichia/Shigella,Escherichia/Shigella fergusonii,0,0,0,0,0,0,0,0,0,0,0,1,1,2
15030,Bacteria,Proteobacteria,Gammaproteobacteria,Enterobacteriales,Enterobacteriaceae,Gluconacetobacter,Gluconacetobacter liquefaciens,0,1,0,0,0,0,0,0,0,0,0,0,0,1
15054,Bacteria,Proteobacteria,Gammaproteobacteria,Enterobacteriales,Enterobacteriaceae,Klebsiella,Klebsiella oxytoca,0,0,0,0,0,0,1,0,0,0,0,0,0,1
15055,Bacteria,Proteobacteria,Gammaproteobacteria,Enterobacteriales,Enterobacteriaceae,Klebsiella,Klebsiella pneumoniae,0,1,0,0,1,0,1,0,0,0,0,1,0,4
15062,Bacteria,Proteobacteria,Gammaproteobacteria,Enterobacteriales,Enterobacteriaceae,Morganella,Morganella morganii,0,0,0,0,0,0,0,0,0,0,0,1,1,2
15067,Bacteria,Proteobacteria,Gammaproteobacteria,Enterobacteriales,Enterobacteriaceae,Pantoea,Pantoea agglomerans,0,0,1,0,0,0,0,0,0,0,0,0,0,1
15070,Bacteria,Proteobacteria,Gammaproteobacteria,Enterobacteriales,Enterobacteriaceae,Pantoea,Pantoea brenneri,0,0,0,0,0,0,0,0,0,0,0,0,1,1
15115,Bacteria,Proteobacteria,Gammaproteobacteria,Enterobacteriales,Enterobacteriaceae,Serratia,Rahnella aquatilis,0,0,1,0,0,0,0,0,0,0,0,0,0,1
15119,Bacteria,Proteobacteria,Gammaproteobacteria,Enterobacteriales,Enterobacteriaceae,Serratia,Serratia marcescens,0,0,1,0,0,0,0,0,0,0,0,0,0,1
15215,Bacteria,Proteobacteria,Gammaproteobacteria,Oceanospirillales,Halomonadaceae,Halomonas,Halomonas venusta,0,0,1,0,0,0,0,0,0,0,0,0,0,1
15245,Bacteria,Proteobacteria,Gammaproteobacteria,Pasteurellales,Pasteurellaceae,Aggregatibacter,Aggregatibacter segnis,0,0,1,0,0,0,0,0,0,0,0,0,0,1
15307,Bacteria,Proteobacteria,Gammaproteobacteria,Pseudomonadales,Moraxellaceae,Acinetobacter,Acinetobacter beijerinckii,0,0,1,0,0,0,0,0,0,0,0,0,0,1
15324,Bacteria,Proteobacteria,Gammaproteobacteria,Pseudomonadales,Moraxellaceae,Acinetobacter,Acinetobacter ursingii,0,0,1,0,0,0,0,0,0,0,0,0,0,1
15484,Bacteria,Proteobacteria,Gammaproteobacteria,Pseudomonadales,Moraxellaceae,Moraxella,Moraxella catarrhalis,0,1,1,0,0,0,0,0,0,0,0,0,0,2
15499,Bacteria,Proteobacteria,Gammaproteobacteria,Pseudomonadales,Moraxellaceae,Psychrobacter,Psychrobacter cryohalolentis,0,0,1,0,0,0,0,0,0,0,0,0,0,1
15657,Bacteria,Proteobacteria,Gammaproteobacteria,Pseudomonadales,Pseudomonadaceae,Pseudomonas,Pseudomonas aeruginosa,0,1,1,0,0,0,0,0,0,0,0,0,0,2
15659,Bacteria,Proteobacteria,Gammaproteobacteria,Pseudomonadales,Pseudomonadaceae,Pseudomonas,Pseudomonas alcaligenes,0,1,1,0,0,0,0,0,0,0,0,0,0,2
15662,Bacteria,Proteobacteria,Gammaproteobacteria,Pseudomonadales,Pseudomonadaceae,Pseudomonas,Pseudomonas argentinensis,0,0,1,0,1,0,0,0,0,1,0,0,0,3
15664,Bacteria,Proteobacteria,Gammaproteobacteria,Pseudomonadales,Pseudomonadaceae,Pseudomonas,Pseudomonas asplenii,0,0,1,0,0,0,0,0,0,0,0,0,0,1
15666,Bacteria,Proteobacteria,Gammaproteobacteria,Pseudomonadales,Pseudomonadaceae,Pseudomonas,Pseudomonas baetica,0,1,1,1,1,0,0,0,0,0,0,0,0,4
15667,Bacteria,Proteobacteria,Gammaproteobacteria,Pseudomonadales,Pseudomonadaceae,Pseudomonas,Pseudomonas balearica,0,1,1,0,0,0,0,0,0,0,0,0,0,2
15672,Bacteria,Proteobacteria,Gammaproteobacteria,Pseudomonadales,Pseudomonadaceae,Pseudomonas,Pseudomonas chlororaphis,0,0,1,0,0,0,0,0,0,0,0,0,0,1
15680,Bacteria,Proteobacteria,Gammaproteobacteria,Pseudomonadales,Pseudomonadaceae,Pseudomonas,Pseudomonas flavescens,0,0,1,0,0,0,0,0,0,0,0,0,0,1
15685,Bacteria,Proteobacteria,Gammaproteobacteria,Pseudomonadales,Pseudomonadaceae,Pseudomonas,Pseudomonas fulva,0,0,1,0,1,0,0,0,0,0,0,0,0,2
15691,Bacteria,Proteobacteria,Gammaproteobacteria,Pseudomonadales,Pseudomonadaceae,Pseudomonas,Pseudomonas libanensis,0,0,1,0,0,0,0,0,0,0,0,0,0,1
15694,Bacteria,Proteobacteria,Gammaproteobacteria,Pseudomonadales,Pseudomonadaceae,Pseudomonas,Pseudomonas mandelii,0,0,1,0,0,0,0,0,0,0,0,0,0,1
15695,Bacteria,Proteobacteria,Gammaproteobacteria,Pseudomonadales,Pseudomonadaceae,Pseudomonas,Pseudomonas mendocina,0,0,1,0,0,0,1,1,0,0,0,0,0,3
15696,Bacteria,Proteobacteria,Gammaproteobacteria,Pseudomonadales,Pseudomonadaceae,Pseudomonas,Pseudomonas migulae,0,0,1,0,1,0,0,0,0,0,0,0,0,2
15704,Bacteria,Proteobacteria,Gammaproteobacteria,Pseudomonadales,Pseudomonadaceae,Pseudomonas,Pseudomonas oleovorans,0,0,0,1,0,0,0,0,0,0,0,0,0,1
15707,Bacteria,Proteobacteria,Gammaproteobacteria,Pseudomonadales,Pseudomonadaceae,Pseudomonas,Pseudomonas otitidis,0,0,1,0,0,0,0,0,0,0,0,0,0,1
15714,Bacteria,Proteobacteria,Gammaproteobacteria,Pseudomonadales,Pseudomonadaceae,Pseudomonas,Pseudomonas protegens,0,0,0,0,0,0,0,1,0,0,0,0,0,1
15726,Bacteria,Proteobacteria,Gammaproteobacteria,Pseudomonadales,Pseudomonadaceae,Pseudomonas,Pseudomonas syringae,0,0,1,0,1,0,0,0,0,0,0,0,0,2
15733,Bacteria,Proteobacteria,Gammaproteobacteria,Pseudomonadales,Pseudomonadaceae,Pseudomonas,Pseudomonas viridiflava,1,0,1,0,0,1,0,0,0,0,0,0,0,3
15905,Bacteria,Proteobacteria,Gammaproteobacteria,Xanthomonadales,Xanthomonadaceae,Pseudoxanthomonas,Pseudoxanthomonas mexicana,0,0,1,0,0,0,0,0,0,0,0,0,0,1
15933,Bacteria,Proteobacteria,Gammaproteobacteria,Xanthomonadales,Xanthomonadaceae,Stenotrophomonas,Stenotrophomonas acidaminiphila,0,0,1,0,0,0,0,0,0,0,0,0,0,1
15956,Bacteria,Proteobacteria,Gammaproteobacteria,Xanthomonadales,Xanthomonadaceae,Xanthomonas,Xanthomonas arboricola,0,0,0,0,0,1,0,0,0,0,0,0,0,1
15958,Bacteria,Proteobacteria,Gammaproteobacteria,Xanthomonadales,Xanthomonadaceae,Xanthomonas,Xanthomonas campestris,0,0,1,0,0,0,0,0,0,0,0,0,0,1
16025,Bacteria,Spirochaetes,Spirochaetes,Spirochaetales,Spirochaetaceae,Treponema,Treponema socranskii,0,0,0,0,0,0,0,0,0,1,0,1,0,2
16320,Bacteria,Verrucomicrobia,Verrucomicrobiae,Verrucomicrobiales,Verrucomicrobiaceae,Akkermansia,Akkermansia muciniphila,0,0,0,0,0,0,0,0,0,0,0,1,1,2
